类别,书名,作者,价格,出版社,商家,简介
大陆原创青春文学,锦夜:独家珍藏版小狮著春风文艺出版社9787531343325,暂无作者信息,19.37,春风文艺出版社,英典图书专营店,风头无两！绝版闪耀！《锦夜》畅销四十万册后霸气庆功结集《花火》主编小狮从业7年来首次跨界之作独木舟创作全新短篇力挺超值赠品海纳集合锋芒凛冽的少年群像：不惜一切执死守护，爱情梦想步步为营如果你冷，如果世界黑暗。化作火柴，寸寸为你焚燃，我也甘愿。
大陆原创青春文学,【特签版+搜书独家周边】别叫我恶魔：生如野草 番茄小说网金番作家弈青锋 巅峰榜高口碑热血之作,弈青锋,38.00,江苏凤凰文艺出版社,搜书图书专营店,暂无简介
大陆原创青春文学,【亲签版+搜书独家周边】别叫我恶魔：生如野草 番茄小说网金番作家弈青锋 巅峰榜高口碑热血之作,弈青锋,38.00,江苏凤凰文艺出版社,搜书图书专营店,暂无简介
大陆原创青春文学,《少说几句》 人气作者冰块儿燃情成长作品 新增独家番外《初夏》,冰块儿,38.60,广东旅游出版社,自营,卖点1 . 网络原名《少汪几句》 ， 作品数据位居 长佩 文学网 前5名 。 作者微博粉丝 69万 ，与读者 互动活跃 ，一直在为《少说几句》上市预热！ 卖点2. 内外双封，赠品超值 ，诚意之作！ 卖点3.收录作者 《初夏》 番外 ，内容与新书《理我一下》主角联动。 汪哲大狗狗人设深入人心， 与《阿也》同属于大火的校园 abo题材 ，十分吸引读者！
大陆原创青春文学,《少说几句》 人气作者冰块儿燃情成长作品 新增独家番外《初夏》冰块儿广东旅游出版社9787557025731,暂无作者信息,20.90,广东旅游出版社,墨香图书专营店,蒋少琰近期十分头疼。申请独居的公寓被塞进来一个大一新生汪哲，性子极其害羞，明明跟个性强势的自己是两个世界的人，却总想要增进同寝友谊。 蒋少琰拉下脸划清界限，偏偏校内、校外哪哪都能见到这个舍友，更没想到这个在他面前乖巧的不得了的舍友还有另一幅叛逆面孔。
大陆原创青春文学,万花世界1 鞠婧祎 领衔主演影视剧同名小说 改编自时代漫王 创作漫画 万渣朝凰 新增独家出版番外,一枚铜钱,32.80,北京联合出版有限公司,自营,★鞠婧祎 领衔主演影视剧同名小说 人气作者 一枚铜钱 改编 新增独家出版番外 ★改编自 时代漫王 创作漫画 《万渣朝凰》 穿越万千小世界， 绑定系统改写女配命运， 我自有我的善恶是非。 ★王牌执行者 苏绿夏 ，改写女配剧本 爱情往往是从名字开始，但我的爱情只属于任务完成度。 系统检测到女配怨气值达标，女配逆袭任务开启。 ★随书附赠 人设卡牌 6
大陆原创青春文学,《过人间》长佩人气作者公子优 倾力热血之作 新增近三千字独家番外,公子优,49.40,长江出版社,自营,卖点 1 ： 作者微博和网站有一定粉丝量，且已出版作品《你的距离》销量可观，本书是作者继《你的距离》后上市力作，获众多读者期待！ 卖点 2：预售前3分钟不限量亲签 随书印签； 卖点 3： 特殊装帧 超长封面 精美彩插 赠超值随书赠品！
大陆原创青春文学,夜幕之下 新增三千字独家番外《安卿鱼·鱼种实验》。,三九音域/磨铁文化出品,35.00,北京联合出版有限公司,博奥图书专营店,暂无简介
大陆原创青春文学,破晓将至（随书附赠海报1张+Q版拍立得2张+镭射门票1张+万余字独家番外）,路嘻法/天河世纪,2.70,长江出版社,辽宁音像出版社旗舰店,暂无简介
大陆原创青春文学,【正版书籍 假一罚十】《少说几句》 人气作者冰块儿燃情成长作品 新增独家番外《初夏》,冰块儿,18.00,广东旅游出版社,小叮当图书专营店,暂无简介
大陆原创青春文学,野火（已经见过野火，这一路就不算黑。 晋江高人气青春文学作家云拿月又一力作！新增出版独家番外！） 正版包邮,云拿月/悦读纪,47.50,青岛出版社,哈尼兔图书专营店,暂无简介
大陆原创青春文学,天官赐福：全三册【印特签版】,墨香铜臭/磨铁文化,199.00,广东旅游出版社,自营,★墨香铜臭，全球知名畅销作家，著有《人渣反派自救系统》《魔道祖师》《天官赐福》，晋江专栏收藏数高达百万，作品横跨四大洲翻译出版美、日、韩、德、法、俄、越、泰、巴等十多个版本，多次创下国内作品的海外销售记录。其作品风格浪漫，情感强烈，独具个性，令万千读者极具共鸣，久久不忘，引发海内外阅读热潮。 ★《天官赐福》雄踞晋江文学城销售金榜近三年，积分破400亿，收藏破200万，评论破200万，霸王票全站第一。泰、越、日、韩等版本数次登顶当地畅销榜首，四登纽约时报畅销榜。 ★全文修订版，全球首发！正文新增数万字全新内容，独家首发近万字新番外 出版后记（内含作者手写内容） 每册作者手写特别寄语印签。双封设计，内含24P彩插，还原书中众多名场面。裸脊锁线装订，双面书盒收纳，内文精选80G岳阳楼胶版纸，细腻
大陆原创青春文学,夜幕之下.2：凡尘神域,三九音域/磨铁文化,33.00,北京联合出版有限公司,自营,★网络原名《我在精神病院学斩神》，番茄小说网高人气作品，口碑作者三九音域成名之作，200多万人在读，100多万读者在线点评，均分9.8，各大图书博主热推作品！ ★特邀画手绘制多幅插图，内文附4P精美彩插，使用128g铜版纸印刷；随书赠品丰富多样，含诸神精神病院院长镭射卡*1 诸神精神病院护工镭射卡*4（护工编号001-004） 湿婆怨 折页信纸*1 凡尘神域 藏书票*1。 ★新增三千字独家番外《百里胖胖 胖胖还乡》。 ★若黯夜终临，吾必立于万万人前，横刀向渊，血染天穹！ ★大夏境内，神明禁行！
大陆原创青春文学,失冬季 十清杳又一青春BE美学力作 高人气作者十清杳青春BE美学新作！ 年度bi读虐心暗恋现言！ 新增千字出版独家番外,十清杳,38.00,江苏凤凰文艺出版社,搜书图书专营店,暂无简介
大陆原创青春文学,失冬季 十清杳又一青春BE美学力作 高人气作者十清杳青春BE美学新作！ 年度bi读虐心暗恋现言！ 新增千字出版独家番外,十清杳,38.01,江苏凤凰文艺出版社,一本爱阅图书旗舰店,暂无简介
大陆原创青春文学,南城青林 晋江双女主青春逐梦人气作品；讨酒的叫花子致敬梦想代表作；知性风姐姐何青柔VS清冷系妹妹 林奈。敬你们，敬梦想，,讨酒的叫花子,38.50,长江出版社,哈尼兔图书专营店,暂无简介
大陆原创青春文学,失冬季 十清杳又一青春BE美学力作 高人气作者十清杳青春BE美学新作！ 年度bi读虐心暗恋现言！ 新增千字出版独家番外,十清杳,38.01,江苏凤凰文艺出版社,楚洹文化图书旗舰店,暂无简介
大陆原创青春文学,【正版包邮】夜幕之下.6：神祸降临 《我在精神病院学斩神》系列书第6册实体书出版更名《夜幕之下.6：神祸降临》，实体书新,三九音域/磨铁文化出品,40.60,北京联合出版有限公司,爱知图书专营店,暂无简介
大陆原创青春文学,【正版包邮】【正版包邮】全知读者视角.2（末世+悬疑+无限流——韩国现象级国民小说、奇幻网文 TOP！简体中文版独家授权,singNsong/磨铁文化出品,42.60,国际文化出版公司,西湖雨图书专营店,暂无简介
大陆原创青春文学,【正版书籍 假一罚十】恰逢雨连天·终结篇（沉筱之口碑之作，继《琅琊榜》后不可不看的权谋群像古言，新增独家番外《云中谁寄锦,沉筱之,33.00,青岛出版社,小叮当图书专营店,暂无简介
大陆原创青春文学,【正版书籍 假一罚十】万花世界1 鞠婧祎 领衔主演影视剧同名小说 改编自时代漫王 创作漫画 万渣朝凰 新增独家出版番外,一枚铜钱,39.40,北京联合出版有限公司,小叮当图书专营店,暂无简介
大陆原创青春文学,夜幕之下,三九音域/磨铁文化,33.00,北京联合出版有限公司,自营,★网络原名《我在精神病院学斩神》，番茄小说网高人气作品，口碑作者三九音域成名之作，240万人在读，110万读者点评，均分9.8，各大图书博主热推作品！ ★特邀画手绘制多幅插图，内文附4P精美彩插，使用128g铜版纸印刷；随书赠品丰富多样，含赵空城档案卡 林七夜小书签 诸神精神病院护工合同 合同收纳档案袋。 ★新增三千字独家番外《安卿鱼 鱼种实验》。 ★若黯夜终临，吾必立于万万人前，横刀向渊，血染天穹！ ★大夏境内，神明禁行！
大陆原创青春文学,夜幕之下.3：深红夜幕,三九音域/磨铁文化,33.00,北京联合出版有限公司,自营,★网络原名《我在精神病院学斩神》，番茄小说网高人气作品，口碑作者三九音域成名之作，200多万人在读，100多万读者在线点评，均分9.8，各大图书博主热推作品！ ★特邀画手绘制多幅插图，内文附4P精美彩插，使用128g铜版纸印刷；随书赠品丰富多样，含夜幕小队队员人物卡*4 酆都生人入城护身符券*1 百里集团董事长任命书*1。 ★新增三千字独家番外《江洱 江洱通灵》。 ★若黯夜终临，吾必立于万万人前，横刀向渊，血染天穹！ ★大夏境内，神明禁行！
大陆原创青春文学,夜幕之下.7：神陨乐章（番茄小说网高人气作品《我在精神病院学斩神》，口碑作者三九音域成名之作）,三九音域/磨铁文化,35.80,北京联合出版有限公司,自营,★网络原名《我在精神病院学斩神》，番茄小说网高人气作品，口碑作者三九音域成名之作，站内最高高达500多万人在读，100多万读者在线点评，均分9.8，各大图书博主热推作品！ ★特邀画手绘制多幅插图，内文附4P精美彩插，使用128g铜版纸印刷；随书赠品丰富多样，含大夏神明卡*4 乌托邦观光门票*1 乌泉拍立得*1。 ★新增三千字独家番外《昆仑炼兵》。 ★若黯夜终临，吾必立于万万人前，横刀向渊，血染天穹！ ★大夏境内，神明禁行！
大陆原创青春文学,破晓将至（随书附赠海报1张+Q版拍立得2张+镭射门票1张+万余字独家番外）,路嘻法/天河世纪,29.40,长江出版社,自营,☆长佩新锐作者路嘻法高人气、高口碑电竞之作！原名《电子竞技存在一见钟情吗？》，该小说在长佩有325W 点击，7700 评论，4.6W 收藏！作品已售出多个版权，漫画火热连载中，广播剧播放量400W 。 ☆本书集激情、热血、拼搏、梦想于一身，带给你爆笑欢脱的冒险之旅。 森左 在追梦之路上相知相惜、互相鼓励，带给如临现场般的比赛体验。 ☆本书着重描写了两个战队的努力以及双方对电竞事业的热爱，再现了逐梦的激情和赛场的热血。 ☆诚邀知名设计师、插画师操刀设计，16开大开本，内文采用80g雅致胶板纸，高颜值设计，超值珍藏！ ☆新增万余字全新独家番外，加量放送未公开惊喜番外，更多故事等你解锁！随书附赠超值赠品！
大陆原创青春文学,夜幕之下.4：红尘剑仙,三九音域/磨铁文化,33.00,北京联合出版有限公司,自营,★网络原名《我在精神病院学斩神》，番茄小说网高人气作品，口碑作者三九音域成名之作，200多万人在读，100多万读者在线点评，均分9.8，各大图书博主热推作品！ ★特邀画手绘制多幅插图，内文附4P精美彩插，使用128g铜版纸印刷；随书赠品丰富多样，含夜幕小队队员人物卡*3 精神病院护工镭射卡*1 周平手写挑战书*1 护工简介方卡*2。 ★新增三千字独家番外《叶梵 他化自在》。 ★若黯夜终临，吾必立于万万人前，横刀向渊，血染天穹！ ★大夏境内，神明禁行！
大陆原创青春文学,夜幕之下.8：诸神黄昏（番茄小说网高人气作品《我在精神病院学斩神》，口碑作者三九音域成名之作）,三九音域/磨铁文化,35.80,北京联合出版有限公司,自营,★网络原名《我在精神病院学斩神》，番茄小说网高人气作品，口碑作者三九音域成名之作，站内最高高达500多万人在读，100多万读者在线点评，均分9.8，各大图书博主热推作品！ ★特邀画手绘制多幅插图，内文附4P精美彩插，使用128g铜版纸印刷；随书赠品丰富多样，含大夏神明卡*4 藏书票*1 昆仑镜书签*1。 ★新增三千字独家番外《青春果实》。 ★若黯夜终临，吾必立于万万人前，横刀向渊，血染天穹！ ★大夏境内，神明禁行！
大陆原创青春文学,夜幕之下.5：极恶都市,三九音域/磨铁文化,35.80,北京联合出版有限公司,自营,★网络原名《我在精神病院学斩神》，番茄小说网高人气作品，口碑作者三九音域成名之作，200多万人在读，100多万读者在线点评，均分9.8，各大图书博主热推作品！ ★特邀画手绘制多幅插图，内文附4P精美彩插，使用128g铜版纸印刷；随书赠品丰富多样，含诸神病患简介卡*3 护工大白方卡*1 病院员工职务表*1。 ★新增三千字独家番外《雨崩 雨宫晴辉》。 ★若黯夜终临，吾必立于万万人前，横刀向渊，血染天穹！ ★大夏境内，神明禁行！
大陆原创青春文学,夜幕之下.6：神祸降临,三九音域/磨铁文化,35.80,北京联合出版有限公司,自营,★网络原名《我在精神病院学斩神》，番茄小说网高人气作品，口碑作者三九音域成名之作，200多万人在读，100多万读者在线点评，均分9.8，各大图书博主热推作品！ ★特邀画手绘制多幅插图，内文附4P精美彩插，使用128g铜版纸印刷；随书赠品丰富多样，含诸神病患简介卡*2 上邪会邮轮登船券*1 三神器烫色卡*3。 ★新增三千字独家番外《大夏 蓝雨小队》。 ★若黯夜终临，吾必立于万万人前，横刀向渊，血染天穹！ ★大夏境内，神明禁行！
大陆原创青春文学,地球上线.2,莫晨欢/磨铁文化,32.40,天津人民出版社,自营,★高人气作者莫晨欢经典代表作，《地球上线》第二册震撼上市。 ★年度*佳末世无限流小说，入坑无限流***之作。 ★新增千字番外《同望明月》，装帧升级，封面更显酷炫。 ★内含8P精美彩插，再现傅闻夺教唐陌用枪的名场面；更还原了副本游戏中的绝美 玻璃花房 场景。 ★随书还有三种赠品：超大尺寸傅闻夺唐陌精美海报；黑塔道具Q萌贴纸；狼外婆马赛克卡牌、红桃王后格雷亚卡牌。 ★叮咚！欢迎玩家进入游戏！叮咚，游戏愉快！
大陆原创青春文学,女配不想让主角分手：全二册,漆瞳/磨铁文化,45.40,国际文化出版公司,自营,★晋江文学城高人气作品《女配不想让主角分手》，站内收藏35w ，积分43亿 ，口碑作者漆瞳成名之作，各大图书博主热推作品！ ★特邀画手绘制多幅插图，内文附多P精美彩插；随书赠品丰富多样，含主角团人设卡（内含人设卡4张 卡套一个） 独家番外论坛折页册 宫殿藏书票*2 赠品信封袋。 ★实体出版新增4.5万字独家番外，衍情在平行世界也拥有了稳稳的幸福生活。 ★叛逆女配沈挽情 腹黑反派谢无衍。
大陆原创青春文学,青梅屿,回南雀/大鱼文化,41.20,江苏凤凰文艺出版社,自营,高考结束，余棉遇见了大九岁的雁空山。 一个神秘又英俊的男人，他是全岛的理想型。 他说你喜欢青梅屿，所以也会喜欢我。 余棉想让雁空山的情绪颜色变成 粉 ，但突然有一天，雁空山就 黄 了。 1.人气口碑作者回南雀*力作，极具畅销实力！ 《青梅屿》，长佩文学网收藏10W ，评论8W 。 《青梅屿》广播剧已于2020年9月上线。 《青梅屿》微博超话阅读量300万 作者回南雀微博粉丝十五万，超话阅读量684万。
大陆原创青春文学,入梦金鱼,严雪芥/悦读纪,27.00,青岛出版社,自营,1.在那个潮湿迷幻的南方小城，康盂树蓦然闯入黎青梦的人生，是一个无法预料的奇迹。 2.是落魄的青豆公主与她的国民的童话故事，也是落难的千金小姐与痞帅的小镇青年的夏日狂想曲。 3.晋江实力口碑作者严雪芥《坠落春夜》《风眼蝴蝶》之后又一浪漫治愈的救赎之作。 4. 当地球后的晚上，载你去翡冷翠的飞机飞过我的头顶，我就在底下大喊一句 喊什么？ 等真到地球后那个晚上，你会听见的。 5.附赠独家番外《如梦般的私会》。 6.随书赠送精美海报、书签、明信片、机票。
大陆原创青春文学,凤逆天下（典藏版）（人气作家路非经典作品，随书附赠：精美海报+Q版书签+独家番外）,路非/悦读纪,156.00,青岛出版社,自营,1．就算灵魂在颤抖，心也镇定不乱，手中的剑也绝不会被撼动！既厉害又危险的天才杀手却突然变成举国皆知的废物。十二岁的少女想要在陌生的大陆上变强，只能踏着敌人的鲜血一步一步爬上去。 2.人气作家路非经典作品，本次出版的是典藏版，套装8册，装帧精美，适合收藏。 3.本书曾在《飒漫画》火热连载，大受欢迎。 5.随书附赠独家番外。 6.随书赠送精美海报、书签、Q版明信片
大陆原创青春文学,庆余年·北海有雾（陈道明、张若昀等主演电视剧原著小说，修订版第三卷，双封面随机发送）,猫腻,21.50,人民文学出版社,自营,热血激情 气势磅礴 猫腻 封神之作 一经连载 点击量达数千万 大型电视连续剧 根据同名小说改编 人气明星 张若昀、肖战、李沁、郭麒麟 殿堂级戏骨 陈道明、吴刚 等震撼出演
大陆原创青春文学,锦夜:独家珍藏版小狮著春风文艺出版社9787531343325 ; 978-7-5313-4332-5,小狮,23.37,春风文艺出版社,百特图书专营店,风头无两！绝版闪耀！《锦夜》畅销四十万册后霸气庆功结集《花火》主编小狮从业7年来首次跨界之作独木舟创作全新短篇力挺超值赠品海纳集合锋芒凛冽的少年群像：不惜一切执死守护，爱情梦想步步为营如果你冷，如果世界黑暗。化作火柴，寸寸为你焚燃，我也甘愿。
大陆原创青春文学,浮生物语·4下天衣侯人（再版）,裟椤双树,23.70,长江文艺出版社,自营,●知音动漫火爆IP《浮生物语》珍藏纪念版 全新双封套装设计 重版归来~裟椤双树：畅销作家，中国著名幻想小说家。2012年、2013年连续入选第七届、第八届中国作家富豪榜上榜作家。其作品既有旖旎浪漫的古风，又有现代视觉系风味，个人风格突出。 ●精彩剧情，环环相扣 看老板娘夫妇如何化解深海谜局鱼门国中看似一片祥和，实则谜案重重，危机四伏，【夜书低唱】【窃影之人】【乌川业火】【天衣之困】 身为龙的敖炽为何能轻易进入鱼门国？神秘莫测的鱼门国度究竟还埋藏着怎样的秘密？老板娘一家能否 脱狱 而出？ ●收录全新未公开番外故事，揭秘老板娘夫妇澳洲之旅的*日常~ ●知音动漫携手鹿荷打造全新封面图 由创作过奥斯卡获奖电影《水形物语》海报的超人气画师鹿荷独家手绘，鹿荷笔触细腻，意境缥缈，具有强烈的个人特质和丰富的想象力，其
大陆原创青春文学,青山看我应如是,静水边/磨铁文化,32.40,广东旅游出版社,自营,★长佩高人气作者静水边 @木更木更木更木更 全新古风奇幻作品《青山看我应如是》，19w收藏，6w 读者点评，4000w 人气。 ★异型外封，书名磨砂，云纹烫金，质感奢华；内封特邀知名插画师绘制食梦貘与龙的形象，与青山相呼应；内文附8P精美彩插，随书赠品丰富多样，含随书七重九件赠品，件件诚意满满~ ★独家番外折页 1 佛境海报 1 人物书签 2 龙绕貘 异型卡 1 三世明信片 2 藏书票 1 手工相框 1（2件正背拼贴） ★新增未公开独家番外《佛境日常》，内含番外两则《钓鱼》《门禁》，一起了解佛境的生活趣事。
大陆原创青春文学,你是我的小虚荣·1（当当独家海报版）,萱草妖花/力潮文创,28.00,世界知识出版社,自营,★晋江高人气甜宠小说！多个微博读书号口碑推文！ 萝莉训犬师 X 闷骚院长 撒糖虐狗 请注意！前方有萌宠出没！千万读者认证吸狗读物！ 知名作家萱草妖花继《同学别将就》后，全新暖爱力作，萌炸你的细胞 ★收录2篇未公开的全新番外！ ★双封面设计，内文典雅胶版纸，提供高品质的阅读享受。
大陆原创青春文学,野火（已经见过野火，这一路就不算黑。 晋江高人气青春文学作家云拿月又一力作！新增出版独家番外！）,云拿月/悦读纪,35.80,青岛出版社,自营,1、已经见过野火，这一路就不算黑。 2、芯片领域科学家 小提琴演奏家 陈就 冬稚 晋江高人气青春文学作家云拿月又一力作！ 3、冬稚知道，无论陈就伸出多少次援手，都只不过是指缝露出的顺便善意，或许再多一点怜悯同情。 他是属于别人的天之骄子。 4、她是冬日顽根稚草，如其名， 以身相付，在他心里烧起一把燎原大火。 陈就这辈子，只恨过一个人，也只爱这一个人。 5、 我和世界有所关联，我仍想拥抱这个世界。 6、 我希望他像我一样去爱，也能像我一样遇到一个很好的人回应他的爱。 7、全文精心修订，新增出版独家番外！随书附赠精美海报、明信片、书签！
大陆原创青春文学,开局地摊卖大力.1：灿若骄阳 番茄小说网高人气作者弈青锋高口碑成名之作,弈青锋/磨铁文化,35.80,中国友谊出版公司,自营,★番茄小说网高人气作者弈青锋高口碑成名之作《开局地摊卖大力》，各大图书博主热推作品！ ★特邀画手绘制多幅插图，内文附4P精美彩插，采用【江南绝密档案】元素设计；随书赠品丰富多样，含江南人物透卡 1 主角团档案卡 2 Q版异形书签 3。 ★ 我叫江南，江城的江，男孩的南。 江南 ★就算是生在路边无人呵护的野草，也能长得很好，因为生命皆向上而生。
大陆原创青春文学,夜幕之下.5 极恶都市 三九音域 动画斩神之凡尘神域原著番茄小说网我在精神病院学斩神 实体书畅销实体书言情青春文学磨铁图,暂无作者信息,39.60,北京联合出版有限公司,搜书图书专营店,暂无简介
大陆原创青春文学,执啄,打字机/大鱼文化,41.20,长江文艺出版社,自营,玩世不恭 涂鸦少年 寡言少语 孤僻学霸 长佩人气作者 打字机 双少年 校园成长救赎之作 世界是彩色的，我是灰色的 但是你在， 就可以把我拉入颜料桶 染上世界的五颜六色
大陆原创青春文学,开局地摊卖大力.1：灿若骄阳（当当印特签版）番茄小说网高人气作者弈青锋高口碑成名之作,弈青锋/磨铁文化,35.80,中国友谊出版公司,自营,★番茄小说网高人气作者弈青锋高口碑成名之作《开局地摊卖大力》，各大图书博主热推作品！ ★特邀画手绘制多幅插图，内文附4P精美彩插，采用【江南绝密档案】元素设计；随书赠品丰富多样，含江南人物透卡 1 主角团档案卡 2 Q版异形书签 3。 ★ 我叫江南，江城的江，男孩的南。 江南 ★就算是生在路边无人呵护的野草，也能长得很好，因为生命皆向上而生。
大陆原创青春文学,夜幕之下.6 神祸降临 动画斩神之凡尘神域原著三九音域 番茄小说我在精神病院学斩神实体书畅销实体书言情青春文学磨铁图书,暂无作者信息,39.60,北京联合出版公司,搜书图书专营店,暂无简介
大陆原创青春文学,大江大河手账本日程本（正午阳光电视剧《大江大河》，王凯、杨烁、董子健、童瑶主演）,呼葱觅蒜/人民交通出版社股份有限公司/交通社出品/有容书邦发行,35.20,人民交通出版社,自营,1、 随书上市同步播出电视剧《大江大河》，王凯、杨烁、董子健演绎。 2、 手账本内含呼葱觅蒜绘制的独家收录电视剧三主角故事情节插画，描绘了主人公们在时代的浪潮中彼此起伏、潮起潮落，但永不言弃的故事。呼葱觅蒜是享誉微博的古风插画师，独创无脸人绘画风格，曾绘有《旧时书》《大话西游》《青蛇》等作品。 3、 手账本为软精装定制版，表面覆防水膜，柔软不易磨损。内文为厚版云书写纸，彩色印刷。随书附赠1张2019年历海报及3张复古人物书签。 4、 2019故事继续上演，而本书，将由你的思考与书写决定结局。
大陆原创青春文学,失冬季 十清杳又一青春BE美学力作,十清杳,34.30,江苏凤凰文艺出版社,自营,暂无简介
大陆原创青春文学,破晓将至（随书海报1张+Q版拍立得2张+镭射门票1张+万余字独家番外）,路嘻法/天河世纪,42.33,长江出版社,荷露茗图书专营店,暂无简介
大陆原创青春文学,【正版包邮】全知读者视角.2（末世+悬疑+无限流——韩国现象级国民小说、奇幻网文 TOP！简体中文版独家授权！“一个世界,singNsong/磨铁文化出品,45.80,国际文化出版公司,爱知图书专营店,暂无简介
大陆原创青春文学,我有一条仙女裙（晋江人气作家容光继《我有无边美貌》之后又一欢乐治愈力作）,容光/悦读纪,58.60,青岛出版社,自营,1.震惊！我会隐身的超能力被邻居发现了！ 2.隐身衣拥有者 赵又锦 vs 赵又锦观测者 陈亦行 3.实习期小记者和对门的科技大佬斗智斗勇的捉迷藏式爱情故事。 4. 还好我只跟你吃这一顿饭。一想到将来会有人跟你朝夕相处，共进一日三餐，我这会儿就已经开始同情她了。 收起你泛滥的同情心。反正那个人不会是你。 5.附赠独家番外《新的故事》。 6.随书赠送精美海报、书签、生日贺卡、仙女裙立卡。
大陆原创青春文学,肆意予你（人气作者鹿灵再度延续「命定爱情」，美飒烂漫设计师vs危险迷人资本家）,鹿灵,65.00,青岛出版社,自营,★甜爽/偏爱/博弈/真心 ★ 所有人都未曾想到，程懿精明一生，清醒又薄情，有朝一日竟会将一个小姑娘捧在手心，心甘情愿地肆意沉沦，做她裙下侍臣。 畅销书作家鹿灵口口相传之作，再度延续命定爱情，万千读者交口称赞。 ★ 精美装帧，赠品多多，珍贵典藏。内外双封，知名画手唯美封面、彩插，全新内文设计，隽雅清秀。 ★ 随书心意赠品，独家番外，诚意放送。
大陆原创青春文学,天官赐福：全三册 全球畅销书作者墨香铜臭超人气口碑力作，全新修订，重磅推出！正文新增数万字全新内容，独家万字新番外+手写,墨香铜臭,215.00,广东旅游出版社,哈尼兔图书专营店,暂无简介
大陆原创青春文学,肆意予你 鹿灵 著 甜爽/偏爱/博弈/真心 美飒烂漫设计师x危险迷人资本家 新增六则番外 独家甜蜜解锁 内外双封,肆意予你,45.50,青岛出版社,凯福图书专营店,暂无简介
大陆原创青春文学,南城青林 晋江双女主青春逐梦人气作品 讨酒的叫花子致敬梦想代表作 知性风姐姐何青柔VS清冷系妹妹 林奈 敬你们 敬梦想,讨酒的叫花子/欣欣向爱,49.80,长江出版社,自营,暂无简介
大陆原创青春文学,恰逢雨连天·终结篇（沉筱之口碑之作，继《琅琊榜》后不可不看的权谋群像古言，新增独家番外《云中谁寄锦书来》）,沉筱之/悦读纪,41.90,青岛出版社,自营,1.《恰逢雨连天 终结篇》全新上市，全书修订，全网番外统一收录，新增七千字独家番外《云中谁寄锦书来》 2.近十年来不可不读的权谋古言之作，媲美《琅琊榜》《鹤唳华亭》，全网好评，知乎用户书单里的 白月光 ，小红书读者评价其 格局宏大、构思精巧、不看后悔 ，豆瓣专组无数读者心中的 年度 。 3.时局为盘，众人皆是棋子。在这乱局之中，哪怕身为棋子，也要有执棋人之心，纵然满眼荒唐，也当暗夜行舟，只向明月。 4.群像人物，经典塑造，每个人都惊才绝艳，每个人都有血有肉。 5.制作精良，彩色印刷8页，80g雅致纸张印刷。赠品精美，特制柳昀写给苏时雨的信、四大主角团人物明信片、海报及藏书票。 6.你所往之处横亘山川河流，目之所及或有乌云蔽日。但你胸怀坦荡，何须在意谁会搅弄风云？只要心中明月常在，总有揽月之日。
大陆原创青春文学,文艺风·爱格时尚10月刊,爱格/中南天使,8.80,湖南文艺出版社,自营,暂无简介
大陆原创青春文学,脑洞W特辑·梦游的九十九年,清酒一刀,17.20,长江出版社,自营,暂无简介
大陆原创青春文学,有你的年少时光,西小洛,17.80,知识出版社,自营,小小的感动，小小的伤感，小小的喜悦，后，笑着放下书本。问自己，我年少的时候，似乎也这样喜欢过一个人，不知道他现在过得还好不好？非常有共鸣的一本书，能够带领大家一起回到学生时代，珍惜学生时代。
大陆原创青春文学,无双·下,梦溪石,22.80,中国致公出版社,自营,●《无双》讲述的是一个古风悬疑探案故事，既有庙堂之高，亦有江湖之远。整部作品一共分为上中下三册，本册为《无双》下部。在经历风风雨雨之后，崔不去与凤霄之间的感情也更加复杂深厚，二人携手同心，一同对敌，而一直蛰伏于前两部的惊天阴谋终于现出真身，埋下的伏笔暗线一一显露、串联，正反两派迎来决战，生死存亡皆系于此！ ●作者为晋江大神梦溪石，以考据详实、文风诙谐、世界观宏大、三观端正赢得众多读者喜爱，知名度高且有着固定的忠实粉丝群体，其作品均在晋江金榜上占有一席之地。已出版《成化十四年》《麟趾》《千秋》等多部作品，其中《成化十四年》已改编成影视，由爱奇艺出品，成龙担任监制。 ●《无双》影视改编版权已售出。 ●梦溪石笔下，有惊心动魄的江湖，也有风云诡谲的朝堂，有惊险刺激的探案，更有搞笑平和的
大陆原创青春文学,庆余年·远来是客【当当独家赠送限量张若昀陈道明李沁海报+8张剧照明信片】,猫腻,30.80,人民文学出版社,自营,暂无简介
大陆原创青春文学,行止晚（预售前10分钟签名版）,织尔,34.50,江苏凤凰文艺出版社,自营,★知乎三大虐文之一！知乎作者织尔高口碑代表作。14万 关注，12万 赞同，单平台首章点击70万 ！年度爆火古言小说，万千读者的意难平。 他的眼睛真好看呀，日月星辰、山川河流，还有小小的我。 ★装帧精美：内外双封设计。外封绘制的是宛儿雪中堆雪人的场景，那是她短暂一生中少有的快乐，封面选用215G极致高白，色感极佳；内封主要展现后宫中的孤寂，静看日落月升的清冷；腰封选用135G硫酸纸，朦胧透明，隐约如雪。 ★出版专享：新增万字番外 行止晚作话 作者精心准备的短篇古风新作*2，共13万字。彩插用纸90G画萱，内文用纸80G东兴象牙白，环衬用纸120G超白环保雪面，皆是偏向雪色的纸张，触感光滑细腻。 ★随书五重八件超丰厚赠品 ①烟花海报：宛儿和章景行在宫宴后偷偷出宫的名场面，烟花漫天的雪夜。 那一刻我听不见任何声音，也看不到任何人
大陆原创青春文学,玫瑰特调,殊娓/磨铁文化,38.00,江苏凤凰文艺出版社,自营,★晋江文学城人气作家殊娓全新力作，已上市作品《长街》《长街 完结篇》等。 ★特邀人气画师参与封面绘图和内文及周边彩插；豪华阵容联手创作，只为带来更浪漫的黎明；随书赠5重14件赠品。珠宝邮票 4 特调小卡 4 男女主人物书签 2 明信片 2 Q版手工卡 2 ★新增番外及作者后记。Dawn工作室的年关活动以及一家三口的幸福生活。 ★珠宝设计师顾亦 优等生调酒师陆嘉音 你是开在我心间的玫瑰。 ★让那些倾颓的瞬间开出花。
大陆原创青春文学,逐荒,百里茶茶,34.30,广东旅游出版社,自营,★网络原名《重生后影帝的白月光黑化了》，番茄小说网娱乐圈高人气作品，新锐作者百里茶茶口碑之作，8万 读者点评，均分9.6，各大图书博主热推作品！ ★特邀多位画手绘制插图，豪华装帧，三封制作；内文附8P精美彩插，特邀作者手写插图配文文案；随书赠品丰富多样，含向妄简介卡 2 向妄故事卡 2 《百尺星辰》官宣折页卡 6、独家番外定制海报 1 《绝命追杀令》开机发布会邀请函 1 藏书票 1。 ★新增六千字独家番外《平行世界：梦客》，赠予读者一场清醒梦。 ★国民影帝沈向霆 全能偶像顾妄言 让这个世界迎来顾妄言的时代。 ★你的眼里有璀璨星光，似那星辰大海。
大陆原创青春文学,无双（套装全3册）,梦溪石,68.40,中国致公出版社,自营,●《无双》讲述的是一个古风悬疑探案故事，整部作品一共分为上中下三册，既有庙堂之高，亦有江湖之远，紧凑庞大的悬疑剧情，朝堂江湖的场景转换，让人不忍释卷，读罢只觉荡气回肠。 ●作者为晋江大神梦溪石，以考据详实、文风诙谐、世界观宏大、三观端正赢得众多读者喜爱，知名度高且有着固定的忠实粉丝群体，其作品均在晋江金榜上占有一席之地。已出版《成化十四年》《麟趾》《千秋》等多部作品，其中《成化十四年》已改编成影视作品，由爱奇艺出品，成龙担任监制。 ●梦溪石擅长构建惊心动魄的江湖与风云诡谲的朝堂相结合的世界。更难得的是，梦溪石笔下的主角互动妙趣横生，二人互坑互损的日常，轻松活泼笑料不断，惊险刺激中穿插搞笑平和，十分符合年轻读者的阅读口味。 ●《无双》人物形象饱满立体，萌点十足，尤其是两位主角，人
大陆原创青春文学,无双上中下,梦溪石,67.04,暂无出版商,自营,●《无双》讲述的是一个古风悬疑探案故事，整部作品一共分为上中下三册，既有庙堂之高，亦有江湖之远，紧凑庞大的悬疑剧情，朝堂江湖的场景转换，让人不忍释卷，读罢只觉荡气回肠。 ●作者为晋江大神梦溪石，以考据详实、文风诙谐、世界观宏大、三观端正赢得众多读者喜爱，知名度高且有着固定的忠实粉丝群体，其作品均在晋江金榜上占有一席之地。已出版《成化十四年》《麟趾》《千秋》等多部作品，其中《成化十四年》已改编成影视作品，由爱奇艺出品，成龙担任监制。 ●梦溪石擅长构建惊心动魄的江湖与风云诡谲的朝堂相结合的世界。更难得的是，梦溪石笔下的主角互动妙趣横生，二人互坑互损的日常，轻松活泼笑料不断，惊险刺激中穿插搞笑平和，十分符合年轻读者的阅读口味。 ●《无双》人物形象饱满立体，萌点十足，尤其是两位主角，人
大陆原创青春文学,文艺风·爱格时尚12月刊,爱格/中南天使,8.80,湖南文艺出版社,自营,暂无简介
大陆原创青春文学,青梅屿（签名版）,回南雀/大鱼文化,27.00,江苏凤凰文艺出版社,自营,高考结束，余棉遇见了大九岁的雁空山。 一个神秘又英俊的男人，他是全岛的理想型。 他说你喜欢青梅屿，所以也会喜欢我。 余棉想让雁空山的情绪颜色变成 粉 ，但突然有一天，雁空山就 黄 了。 1.人气口碑作者回南雀*力作，极具畅销实力！ 《青梅屿》，长佩文学网收藏10W ，评论8W 。 《青梅屿》广播剧已于2020年9月上线。 《青梅屿》微博超话阅读量300万 作者回南雀微博粉丝十五万，超话阅读量684万。 2.七大赠品随机赠送，物超所值，惊喜不断！ 1.夏日海风透卡 2.夏日海风立牌 3.止雨祭立牌 4.摸头乖立牌 5.双人船票 6.止雨祭超大海报 7.风铃书签
大陆原创青春文学,锦夜：独家珍藏版.1、2（畅销青春小说《锦夜》精装合集）,小狮,40.70,春风文艺出版社,自营,风头无两！绝版闪耀！《锦夜》畅销四十万册后霸气庆功结集《花火》主编小狮从业7年来首次跨界之作独木舟创作全新短篇力挺超值赠品海纳集合锋芒凛冽的少年群像：不惜一切执死守护，爱情梦想步步为营如果你冷，如果世界黑暗。化作火柴，寸寸为你焚燃，我也甘愿。
大陆原创青春文学,彩虹书系--陪安东尼度过漫长岁月珍藏套装（红+橙）（获周迅、张靓颖等广泛赞誉的治愈系口碑作品，独家附赠精美彩虹书签）,安东尼,57.60,长江文艺出版社,自营,安东尼的《陪安东尼度过漫长岁月》，甫一出版，便收获了巨大的热烈反响，狂销80万册，书中经典话语屡次成为新浪微博首页转载量**名，其中的“无标点断句”式的写作风格被越来越多的人争相模仿，甚至有形成具时代特色的新文体的趋势。所引发的“安东尼风暴”是他创造的奇迹。2012年是将近本书首次刊载发行后的第五年，作为安东尼**次真正意义上的创作，**个书写历程中的里程碑，此次再版盛意推出安东尼“彩虹书系”的特别珍藏版，值得收藏。
